global_id,class_id,is_visual_rep,r1,r2,r3,r4,r5,r6,r7,r8,r9,n_up,n_ne,n_nw
1,1,1,"up(0,0)","up(0,2)","up(0,4)","up(2,0)","up(2,2)","up(2,4)","up(4,0)","up(4,2)","up(4,4)",9,0,0
2,1,0,"up(5,0)","up(5,2)","up(5,4)","up(1,0)","up(1,2)","up(1,4)","up(3,0)","up(3,2)","up(3,4)",9,0,0
3,1,0,"ne(2,4)","ne(2,0)","ne(2,2)","ne(4,4)","ne(4,0)","ne(4,2)","ne(0,4)","ne(0,0)","ne(0,2)",0,9,0
4,1,0,"ne(1,5)","ne(1,1)","ne(1,3)","ne(3,3)","ne(3,5)","ne(3,1)","ne(5,3)","ne(5,5)","ne(5,1)",0,9,0
5,1,0,"nw(2,0)","nw(4,0)","nw(2,2)","nw(4,2)","nw(2,4)","nw(4,4)","nw(0,0)","nw(0,2)","nw(0,4)",0,0,9
6,1,0,"up(0,5)","up(0,1)","up(0,3)","up(2,5)","up(2,1)","up(2,3)","up(4,5)","up(4,1)","up(4,3)",9,0,0
7,1,0,"up(5,5)","up(5,1)","up(5,3)","up(1,5)","up(1,1)","up(1,3)","up(3,5)","up(3,1)","up(3,3)",9,0,0
8,1,0,"nw(3,5)","nw(1,1)","nw(3,1)","nw(1,3)","nw(3,3)","nw(1,5)","nw(5,5)","nw(5,1)","nw(5,3)",0,0,9
9,1,0,"ne(2,3)","ne(2,5)","ne(2,1)","ne(4,3)","ne(4,5)","ne(4,1)","ne(0,3)","ne(0,5)","ne(0,1)",0,9,0
10,1,0,"ne(1,4)","ne(1,0)","ne(1,2)","ne(3,4)","ne(3,0)","ne(3,2)","ne(5,4)","ne(5,0)","ne(5,2)",0,9,0
11,1,0,"nw(2,5)","nw(4,5)","nw(2,1)","nw(4,1)","nw(2,3)","nw(4,3)","nw(0,5)","nw(0,1)","nw(0,3)",0,0,9
12,1,0,"nw(1,0)","nw(3,0)","nw(1,2)","nw(3,2)","nw(1,4)","nw(3,4)","nw(5,0)","nw(5,2)","nw(5,4)",0,0,9
13,2,0,"up(0,0)","nw(2,2)","ne(2,2)","nw(4,4)","ne(4,4)","nw(0,0)","up(2,2)","ne(0,0)","up(4,4)",3,3,3
14,2,0,"up(5,0)","nw(1,2)","ne(1,2)","nw(3,4)","ne(3,4)","nw(5,0)","up(1,2)","ne(5,0)","up(3,4)",3,3,3
15,2,0,"ne(2,4)","nw(4,0)","up(0,2)","nw(2,4)","ne(4,0)","nw(0,2)","up(2,4)","up(4,0)","ne(0,2)",3,3,3
16,2,0,"ne(1,5)","nw(3,1)","up(5,3)","nw(1,5)","up(1,5)","ne(3,1)","nw(5,3)","ne(5,3)","up(3,1)",3,3,3
17,2,0,"nw(2,0)","ne(2,0)","nw(4,2)","up(0,4)","up(2,0)","ne(4,2)","nw(0,4)","ne(0,4)","up(4,2)",3,3,3
18,2,0,"up(0,5)","nw(2,1)","ne(2,1)","nw(4,3)","ne(4,3)","nw(0,5)","up(2,1)","ne(0,5)","up(4,3)",3,3,3
19,2,0,"up(5,5)","nw(1,1)","ne(1,1)","nw(3,3)","ne(3,3)","nw(5,5)","up(1,1)","ne(5,5)","up(3,3)",3,3,3
20,2,0,"nw(3,5)","up(5,1)","nw(1,3)","ne(1,3)","ne(3,5)","nw(5,1)","up(1,3)","up(3,5)","ne(5,1)",3,3,3
21,2,0,"ne(2,3)","nw(4,5)","up(0,1)","nw(2,3)","ne(4,5)","nw(0,1)","up(2,3)","up(4,5)","ne(0,1)",3,3,3
22,2,0,"ne(1,4)","nw(3,0)","up(5,2)","nw(1,4)","ne(3,0)","nw(5,2)","up(1,4)","up(3,0)","ne(5,2)",3,3,3
23,2,0,"nw(2,5)","ne(2,5)","nw(4,1)","up(0,3)","up(2,5)","ne(4,1)","nw(0,3)","ne(0,3)","up(4,1)",3,3,3
24,2,1,"nw(1,0)","ne(1,0)","nw(3,2)","up(5,4)","up(1,0)","ne(3,2)","nw(5,4)","ne(5,4)","up(3,2)",3,3,3
25,3,0,"up(0,0)","up(0,2)","up(0,4)","up(2,0)","up(2,2)","up(2,4)","ne(0,4)","ne(0,0)","ne(0,2)",6,3,0
26,3,1,"up(0,0)","up(0,2)","up(0,4)","ne(4,4)","ne(4,0)","ne(4,2)","up(4,0)","up(4,2)","up(4,4)",6,3,0
27,3,0,"up(0,0)","up(0,2)","up(0,4)","ne(4,4)","ne(4,0)","ne(4,2)","ne(0,4)","ne(0,0)","ne(0,2)",3,6,0
28,3,0,"up(0,0)","up(0,2)","nw(2,4)","nw(4,4)","up(2,0)","up(2,2)","nw(0,4)","up(4,0)","up(4,2)",6,0,3
29,3,0,"up(0,0)","nw(2,2)","nw(4,2)","up(0,4)","up(2,0)","nw(0,2)","up(2,4)","up(4,0)","up(4,4)",6,0,3
30,3,0,"up(0,0)","nw(2,2)","nw(4,2)","nw(2,4)","nw(4,4)","up(2,0)","nw(0,2)","nw(0,4)","up(4,0)",3,0,6
31,3,0,"up(5,0)","up(5,2)","up(5,4)","up(1,0)","up(1,2)","up(1,4)","ne(5,4)","ne(5,0)","ne(5,2)",6,3,0
32,3,0,"up(5,0)","up(5,2)","up(5,4)","ne(3,4)","ne(3,0)","ne(3,2)","up(3,0)","up(3,2)","up(3,4)",6,3,0
33,3,0,"up(5,0)","up(5,2)","up(5,4)","ne(3,4)","ne(3,0)","ne(3,2)","ne(5,4)","ne(5,0)","ne(5,2)",3,6,0
34,3,0,"up(5,0)","up(5,2)","nw(1,4)","nw(3,4)","up(1,0)","up(1,2)","nw(5,4)","up(3,0)","up(3,2)",6,0,3
35,3,0,"up(5,0)","nw(1,2)","nw(3,2)","up(5,4)","up(1,0)","nw(5,2)","up(1,4)","up(3,0)","up(3,4)",6,0,3
36,3,0,"up(5,0)","nw(1,2)","nw(3,2)","nw(1,4)","nw(3,4)","up(1,0)","nw(5,2)","nw(5,4)","up(3,0)",3,0,6
37,3,0,"ne(2,4)","ne(2,0)","ne(2,2)","up(2,0)","up(2,2)","up(2,4)","up(4,0)","up(4,2)","up(4,4)",6,3,0
38,3,0,"ne(2,4)","ne(2,0)","ne(2,2)","up(2,0)","up(2,2)","up(2,4)","ne(0,4)","ne(0,0)","ne(0,2)",3,6,0
39,3,0,"ne(2,4)","ne(2,0)","ne(2,2)","ne(4,4)","ne(4,0)","ne(4,2)","up(4,0)","up(4,2)","up(4,4)",3,6,0
40,3,0,"ne(2,4)","ne(2,0)","nw(4,2)","nw(2,4)","ne(4,4)","nw(0,0)","ne(4,2)","ne(0,0)","ne(0,2)",0,6,3
41,3,0,"ne(2,4)","nw(4,0)","nw(2,2)","ne(2,2)","ne(4,0)","ne(4,2)","nw(0,4)","ne(0,4)","ne(0,0)",0,6,3
42,3,0,"ne(2,4)","nw(4,0)","nw(2,2)","nw(4,2)","nw(2,4)","nw(0,0)","ne(4,2)","nw(0,4)","ne(0,0)",0,3,6
43,3,0,"ne(1,5)","ne(1,1)","ne(1,3)","up(1,5)","up(1,1)","up(1,3)","up(3,5)","up(3,1)","up(3,3)",6,3,0
44,3,0,"ne(1,5)","ne(1,1)","ne(1,3)","up(1,5)","up(1,1)","up(1,3)","ne(5,3)","ne(5,5)","ne(5,1)",3,6,0
45,3,0,"ne(1,5)","ne(1,1)","ne(1,3)","ne(3,3)","ne(3,5)","ne(3,1)","up(3,5)","up(3,1)","up(3,3)",3,6,0
46,3,0,"ne(1,5)","ne(1,1)","nw(3,3)","nw(1,5)","ne(3,3)","ne(3,5)","nw(5,1)","ne(5,3)","ne(5,1)",0,6,3
47,3,0,"ne(1,5)","nw(3,1)","nw(1,3)","ne(1,3)","ne(3,3)","nw(5,5)","ne(3,1)","ne(5,5)","ne(5,1)",0,6,3
48,3,0,"ne(1,5)","nw(3,1)","nw(1,3)","nw(3,3)","nw(1,5)","ne(3,3)","nw(5,5)","nw(5,1)","ne(5,1)",0,3,6
49,3,0,"nw(2,0)","ne(2,0)","ne(2,2)","nw(4,4)","ne(4,4)","ne(4,0)","nw(0,2)","ne(0,4)","ne(0,2)",0,6,3
50,3,0,"nw(2,0)","ne(2,0)","nw(4,2)","nw(2,4)","nw(4,4)","ne(4,4)","nw(0,0)","nw(0,2)","ne(0,2)",0,3,6
51,3,0,"nw(2,0)","nw(4,0)","up(0,2)","up(0,4)","nw(0,0)","up(2,2)","up(2,4)","up(4,2)","up(4,4)",6,0,3
52,3,0,"nw(2,0)","nw(4,0)","up(0,2)","nw(2,4)","nw(4,4)","nw(0,0)","up(2,2)","nw(0,4)","up(4,2)",3,0,6
53,3,0,"nw(2,0)","nw(4,0)","nw(2,2)","ne(2,2)","nw(4,4)","ne(4,0)","nw(0,2)","nw(0,4)","ne(0,4)",0,3,6
54,3,0,"nw(2,0)","nw(4,0)","nw(2,2)","nw(4,2)","up(0,4)","nw(0,0)","nw(0,2)","up(2,4)","up(4,4)",3,0,6
55,3,0,"up(0,5)","up(0,1)","up(0,3)","up(2,5)","up(2,1)","up(2,3)","ne(0,3)","ne(0,5)","ne(0,1)",6,3,0
56,3,0,"up(0,5)","up(0,1)","up(0,3)","ne(4,3)","ne(4,5)","ne(4,1)","up(4,5)","up(4,1)","up(4,3)",6,3,0
57,3,0,"up(0,5)","up(0,1)","up(0,3)","ne(4,3)","ne(4,5)","ne(4,1)","ne(0,3)","ne(0,5)","ne(0,1)",3,6,0
58,3,0,"up(0,5)","up(0,1)","nw(2,3)","nw(4,3)","up(2,5)","up(2,1)","nw(0,3)","up(4,5)","up(4,1)",6,0,3
59,3,0,"up(0,5)","nw(2,1)","nw(4,1)","up(0,3)","up(2,5)","nw(0,1)","up(2,3)","up(4,5)","up(4,3)",6,0,3
60,3,0,"up(0,5)","nw(2,1)","nw(4,1)","nw(2,3)","nw(4,3)","up(2,5)","nw(0,1)","nw(0,3)","up(4,5)",3,0,6
61,3,0,"up(5,5)","up(5,1)","up(5,3)","up(1,5)","up(1,1)","up(1,3)","ne(5,3)","ne(5,5)","ne(5,1)",6,3,0
62,3,0,"up(5,5)","up(5,1)","up(5,3)","ne(3,3)","ne(3,5)","ne(3,1)","up(3,5)","up(3,1)","up(3,3)",6,3,0
63,3,0,"up(5,5)","up(5,1)","up(5,3)","ne(3,3)","ne(3,5)","ne(3,1)","ne(5,3)","ne(5,5)","ne(5,1)",3,6,0
64,3,0,"up(5,5)","up(5,1)","nw(1,3)","nw(3,3)","up(1,5)","up(1,1)","nw(5,3)","up(3,5)","up(3,1)",6,0,3
65,3,0,"up(5,5)","nw(1,1)","nw(3,1)","up(5,3)","up(1,5)","nw(5,1)","up(1,3)","up(3,5)","up(3,3)",6,0,3
66,3,0,"up(5,5)","nw(1,1)","nw(3,1)","nw(1,3)","nw(3,3)","up(1,5)","nw(5,1)","nw(5,3)","up(3,5)",3,0,6
67,3,0,"nw(3,5)","up(5,1)","up(5,3)","nw(1,5)","nw(5,5)","up(1,1)","up(1,3)","up(3,1)","up(3,3)",6,0,3
68,3,0,"nw(3,5)","up(5,1)","nw(1,3)","nw(3,3)","nw(1,5)","nw(5,5)","up(1,1)","nw(5,3)","up(3,1)",3,0,6
69,3,0,"nw(3,5)","nw(1,1)","ne(1,1)","ne(1,3)","ne(3,5)","ne(3,1)","nw(5,3)","ne(5,3)","ne(5,5)",0,6,3
70,3,0,"nw(3,5)","nw(1,1)","ne(1,1)","nw(3,3)","nw(1,5)","ne(3,5)","nw(5,1)","nw(5,3)","ne(5,3)",0,3,6
71,3,0,"nw(3,5)","nw(1,1)","nw(3,1)","up(5,3)","nw(1,5)","nw(5,5)","nw(5,1)","up(1,3)","up(3,3)",3,0,6
72,3,0,"nw(3,5)","nw(1,1)","nw(3,1)","nw(1,3)","ne(1,3)","nw(5,5)","ne(3,1)","nw(5,3)","ne(5,5)",0,3,6
73,3,0,"ne(2,3)","ne(2,5)","ne(2,1)","up(2,5)","up(2,1)","up(2,3)","up(4,5)","up(4,1)","up(4,3)",6,3,0
74,3,0,"ne(2,3)","ne(2,5)","ne(2,1)","up(2,5)","up(2,1)","up(2,3)","ne(0,3)","ne(0,5)","ne(0,1)",3,6,0
75,3,0,"ne(2,3)","ne(2,5)","ne(2,1)","ne(4,3)","ne(4,5)","ne(4,1)","up(4,5)","up(4,1)","up(4,3)",3,6,0
76,3,0,"ne(2,3)","ne(2,5)","nw(4,1)","nw(2,3)","ne(4,3)","nw(0,5)","ne(4,1)","ne(0,5)","ne(0,1)",0,6,3
77,3,0,"ne(2,3)","nw(4,5)","nw(2,1)","ne(2,1)","ne(4,5)","ne(4,1)","nw(0,3)","ne(0,3)","ne(0,5)",0,6,3
78,3,0,"ne(2,3)","nw(4,5)","nw(2,1)","nw(4,1)","nw(2,3)","nw(0,5)","ne(4,1)","nw(0,3)","ne(0,5)",0,3,6
79,3,0,"ne(1,4)","ne(1,0)","ne(1,2)","up(1,0)","up(1,2)","up(1,4)","up(3,0)","up(3,2)","up(3,4)",6,3,0
80,3,0,"ne(1,4)","ne(1,0)","ne(1,2)","up(1,0)","up(1,2)","up(1,4)","ne(5,4)","ne(5,0)","ne(5,2)",3,6,0
81,3,0,"ne(1,4)","ne(1,0)","ne(1,2)","ne(3,4)","ne(3,0)","ne(3,2)","up(3,0)","up(3,2)","up(3,4)",3,6,0
82,3,0,"ne(1,4)","ne(1,0)","nw(3,2)","nw(1,4)","ne(3,4)","nw(5,0)","ne(3,2)","ne(5,0)","ne(5,2)",0,6,3
83,3,0,"ne(1,4)","nw(3,0)","nw(1,2)","ne(1,2)","ne(3,0)","ne(3,2)","nw(5,4)","ne(5,4)","ne(5,0)",0,6,3
84,3,0,"ne(1,4)","nw(3,0)","nw(1,2)","nw(3,2)","nw(1,4)","nw(5,0)","ne(3,2)","nw(5,4)","ne(5,0)",0,3,6
85,3,0,"nw(2,5)","ne(2,5)","ne(2,1)","nw(4,3)","ne(4,3)","ne(4,5)","nw(0,1)","ne(0,3)","ne(0,1)",0,6,3
86,3,0,"nw(2,5)","ne(2,5)","nw(4,1)","nw(2,3)","nw(4,3)","ne(4,3)","nw(0,5)","nw(0,1)","ne(0,1)",0,3,6
87,3,0,"nw(2,5)","nw(4,5)","up(0,1)","up(0,3)","nw(0,5)","up(2,1)","up(2,3)","up(4,1)","up(4,3)",6,0,3
88,3,0,"nw(2,5)","nw(4,5)","up(0,1)","nw(2,3)","nw(4,3)","nw(0,5)","up(2,1)","nw(0,3)","up(4,1)",3,0,6
89,3,0,"nw(2,5)","nw(4,5)","nw(2,1)","ne(2,1)","nw(4,3)","ne(4,5)","nw(0,1)","nw(0,3)","ne(0,3)",0,3,6
90,3,0,"nw(2,5)","nw(4,5)","nw(2,1)","nw(4,1)","up(0,3)","nw(0,5)","nw(0,1)","up(2,3)","up(4,3)",3,0,6
91,3,0,"nw(1,0)","ne(1,0)","ne(1,2)","nw(3,4)","ne(3,4)","ne(3,0)","nw(5,2)","ne(5,4)","ne(5,2)",0,6,3
92,3,0,"nw(1,0)","ne(1,0)","nw(3,2)","nw(1,4)","nw(3,4)","ne(3,4)","nw(5,0)","nw(5,2)","ne(5,2)",0,3,6
93,3,0,"nw(1,0)","nw(3,0)","up(5,2)","up(5,4)","nw(5,0)","up(1,2)","up(1,4)","up(3,2)","up(3,4)",6,0,3
94,3,0,"nw(1,0)","nw(3,0)","up(5,2)","nw(1,4)","nw(3,4)","nw(5,0)","up(1,2)","nw(5,4)","up(3,2)",3,0,6
95,3,0,"nw(1,0)","nw(3,0)","nw(1,2)","ne(1,2)","nw(3,4)","ne(3,0)","nw(5,2)","nw(5,4)","ne(5,4)",0,3,6
96,3,0,"nw(1,0)","nw(3,0)","nw(1,2)","nw(3,2)","up(5,4)","nw(5,0)","nw(5,2)","up(1,4)","up(3,4)",3,0,6
97,4,1,"up(0,0)","up(0,2)","up(0,4)","up(2,0)","up(2,2)","up(2,4)","up(4,5)","up(4,1)","up(4,3)",9,0,0
98,4,0,"up(0,0)","up(0,2)","up(0,4)","up(2,5)","up(2,1)","up(2,3)","up(4,0)","up(4,2)","up(4,4)",9,0,0
99,4,0,"up(0,0)","up(0,2)","up(0,4)","up(2,5)","up(2,1)","up(2,3)","up(4,5)","up(4,1)","up(4,3)",9,0,0
100,4,0,"up(0,0)","up(0,2)","up(5,4)","up(1,4)","up(2,0)","up(2,2)","up(3,4)","up(4,0)","up(4,2)",9,0,0
101,4,0,"up(0,0)","up(5,2)","up(0,4)","up(1,2)","up(2,0)","up(2,4)","up(3,2)","up(4,0)","up(4,4)",9,0,0
102,4,0,"up(0,0)","up(5,2)","up(5,4)","up(1,2)","up(1,4)","up(2,0)","up(3,2)","up(3,4)","up(4,0)",9,0,0
103,4,0,"up(5,0)","up(0,2)","up(0,4)","up(1,0)","up(2,2)","up(2,4)","up(3,0)","up(4,2)","up(4,4)",9,0,0
104,4,0,"up(5,0)","up(0,2)","up(5,4)","up(1,0)","up(1,4)","up(2,2)","up(3,0)","up(3,4)","up(4,2)",9,0,0
105,4,0,"up(5,0)","up(5,2)","up(0,4)","up(1,0)","up(1,2)","up(2,4)","up(3,0)","up(3,2)","up(4,4)",9,0,0
106,4,0,"up(5,0)","up(5,2)","up(5,4)","up(1,0)","up(1,2)","up(1,4)","up(3,5)","up(3,1)","up(3,3)",9,0,0
107,4,0,"up(5,0)","up(5,2)","up(5,4)","up(1,5)","up(1,1)","up(1,3)","up(3,0)","up(3,2)","up(3,4)",9,0,0
108,4,0,"up(5,0)","up(5,2)","up(5,4)","up(1,5)","up(1,1)","up(1,3)","up(3,5)","up(3,1)","up(3,3)",9,0,0
109,4,0,"ne(2,4)","ne(2,0)","ne(2,2)","ne(4,4)","ne(4,0)","ne(4,2)","ne(0,3)","ne(0,5)","ne(0,1)",0,9,0
110,4,0,"ne(2,4)","ne(2,0)","ne(2,2)","ne(4,3)","ne(4,5)","ne(4,1)","ne(0,4)","ne(0,0)","ne(0,2)",0,9,0
111,4,0,"ne(2,4)","ne(2,0)","ne(2,2)","ne(4,3)","ne(4,5)","ne(4,1)","ne(0,3)","ne(0,5)","ne(0,1)",0,9,0
112,4,0,"ne(2,4)","ne(2,0)","ne(1,3)","ne(3,1)","ne(4,4)","ne(4,2)","ne(5,5)","ne(0,0)","ne(0,2)",0,9,0
113,4,0,"ne(2,4)","ne(1,1)","ne(2,2)","ne(3,5)","ne(4,0)","ne(4,2)","ne(5,3)","ne(0,4)","ne(0,0)",0,9,0
114,4,0,"ne(2,4)","ne(1,1)","ne(1,3)","ne(3,5)","ne(3,1)","ne(4,2)","ne(5,3)","ne(5,5)","ne(0,0)",0,9,0
115,4,0,"ne(1,5)","ne(2,0)","ne(2,2)","ne(3,3)","ne(4,4)","ne(4,0)","ne(5,1)","ne(0,4)","ne(0,2)",0,9,0
116,4,0,"ne(1,5)","ne(2,0)","ne(1,3)","ne(3,3)","ne(3,1)","ne(4,4)","ne(5,5)","ne(5,1)","ne(0,2)",0,9,0
117,4,0,"ne(1,5)","ne(1,1)","ne(2,2)","ne(3,3)","ne(3,5)","ne(4,0)","ne(5,3)","ne(5,1)","ne(0,4)",0,9,0
118,4,0,"ne(1,5)","ne(1,1)","ne(1,3)","ne(3,4)","ne(3,0)","ne(3,2)","ne(5,4)","ne(5,0)","ne(5,2)",0,9,0
119,4,0,"ne(1,5)","ne(1,1)","ne(1,3)","ne(3,4)","ne(3,0)","ne(3,2)","ne(5,3)","ne(5,5)","ne(5,1)",0,9,0
120,4,0,"ne(1,5)","ne(1,1)","ne(1,3)","ne(3,3)","ne(3,5)","ne(3,1)","ne(5,4)","ne(5,0)","ne(5,2)",0,9,0
121,4,0,"nw(2,0)","nw(3,1)","nw(1,3)","nw(3,3)","nw(1,5)","nw(4,4)","nw(5,5)","nw(5,1)","nw(0,2)",0,0,9
122,4,0,"nw(2,0)","nw(3,1)","nw(1,3)","nw(4,2)","nw(2,4)","nw(4,4)","nw(5,5)","nw(0,0)","nw(0,2)",0,0,9
123,4,0,"nw(2,0)","nw(4,0)","nw(2,2)","nw(3,3)","nw(1,5)","nw(4,4)","nw(5,1)","nw(0,2)","nw(0,4)",0,0,9
124,4,0,"nw(2,0)","nw(4,0)","nw(2,2)","nw(4,2)","nw(1,4)","nw(3,4)","nw(5,4)","nw(0,0)","nw(0,2)",0,0,9
125,4,0,"nw(2,0)","nw(4,0)","nw(1,2)","nw(3,2)","nw(2,4)","nw(4,4)","nw(5,2)","nw(0,0)","nw(0,4)",0,0,9
126,4,0,"nw(2,0)","nw(4,0)","nw(1,2)","nw(3,2)","nw(1,4)","nw(3,4)","nw(5,2)","nw(5,4)","nw(0,0)",0,0,9
127,4,0,"up(0,5)","up(0,1)","up(0,3)","up(2,0)","up(2,2)","up(2,4)","up(4,0)","up(4,2)","up(4,4)",9,0,0
128,4,0,"up(0,5)","up(0,1)","up(0,3)","up(2,0)","up(2,2)","up(2,4)","up(4,5)","up(4,1)","up(4,3)",9,0,0
129,4,0,"up(0,5)","up(0,1)","up(0,3)","up(2,5)","up(2,1)","up(2,3)","up(4,0)","up(4,2)","up(4,4)",9,0,0
130,4,0,"up(0,5)","up(0,1)","up(5,3)","up(1,3)","up(2,5)","up(2,1)","up(3,3)","up(4,5)","up(4,1)",9,0,0
131,4,0,"up(0,5)","up(5,1)","up(0,3)","up(1,1)","up(2,5)","up(2,3)","up(3,1)","up(4,5)","up(4,3)",9,0,0
132,4,0,"up(0,5)","up(5,1)","up(5,3)","up(1,1)","up(1,3)","up(2,5)","up(3,1)","up(3,3)","up(4,5)",9,0,0
133,4,0,"up(5,5)","up(0,1)","up(0,3)","up(1,5)","up(2,1)","up(2,3)","up(3,5)","up(4,1)","up(4,3)",9,0,0
134,4,0,"up(5,5)","up(0,1)","up(5,3)","up(1,5)","up(1,3)","up(2,1)","up(3,5)","up(3,3)","up(4,1)",9,0,0
135,4,0,"up(5,5)","up(5,1)","up(0,3)","up(1,5)","up(1,1)","up(2,3)","up(3,5)","up(3,1)","up(4,3)",9,0,0
136,4,0,"up(5,5)","up(5,1)","up(5,3)","up(1,0)","up(1,2)","up(1,4)","up(3,0)","up(3,2)","up(3,4)",9,0,0
137,4,0,"up(5,5)","up(5,1)","up(5,3)","up(1,0)","up(1,2)","up(1,4)","up(3,5)","up(3,1)","up(3,3)",9,0,0
138,4,0,"up(5,5)","up(5,1)","up(5,3)","up(1,5)","up(1,1)","up(1,3)","up(3,0)","up(3,2)","up(3,4)",9,0,0
139,4,0,"nw(3,5)","nw(2,1)","nw(4,1)","nw(2,3)","nw(4,3)","nw(1,5)","nw(5,5)","nw(0,1)","nw(0,3)",0,0,9
140,4,0,"nw(3,5)","nw(2,1)","nw(4,1)","nw(1,3)","nw(3,3)","nw(1,5)","nw(5,5)","nw(5,3)","nw(0,1)",0,0,9
141,4,0,"nw(3,5)","nw(1,1)","nw(3,1)","nw(2,3)","nw(4,3)","nw(1,5)","nw(5,5)","nw(5,1)","nw(0,3)",0,0,9
142,4,0,"nw(3,5)","nw(1,1)","nw(3,1)","nw(1,3)","nw(4,2)","nw(2,4)","nw(5,5)","nw(5,3)","nw(0,0)",0,0,9
143,4,0,"nw(3,5)","nw(1,1)","nw(4,0)","nw(2,2)","nw(3,3)","nw(1,5)","nw(5,1)","nw(5,3)","nw(0,4)",0,0,9
144,4,0,"nw(3,5)","nw(1,1)","nw(4,0)","nw(2,2)","nw(4,2)","nw(2,4)","nw(5,3)","nw(0,0)","nw(0,4)",0,0,9
145,4,0,"ne(2,3)","ne(2,5)","ne(2,1)","ne(4,4)","ne(4,0)","ne(4,2)","ne(0,4)","ne(0,0)","ne(0,2)",0,9,0
146,4,0,"ne(2,3)","ne(2,5)","ne(2,1)","ne(4,4)","ne(4,0)","ne(4,2)","ne(0,3)","ne(0,5)","ne(0,1)",0,9,0
147,4,0,"ne(2,3)","ne(2,5)","ne(2,1)","ne(4,3)","ne(4,5)","ne(4,1)","ne(0,4)","ne(0,0)","ne(0,2)",0,9,0
148,4,0,"ne(2,3)","ne(2,5)","ne(1,2)","ne(3,0)","ne(4,3)","ne(4,1)","ne(5,4)","ne(0,5)","ne(0,1)",0,9,0
149,4,0,"ne(2,3)","ne(1,0)","ne(2,1)","ne(3,4)","ne(4,5)","ne(4,1)","ne(5,2)","ne(0,3)","ne(0,5)",0,9,0
150,4,0,"ne(2,3)","ne(1,0)","ne(1,2)","ne(3,4)","ne(3,0)","ne(4,1)","ne(5,4)","ne(5,2)","ne(0,5)",0,9,0
151,4,0,"ne(1,4)","ne(2,5)","ne(2,1)","ne(3,2)","ne(4,3)","ne(4,5)","ne(5,0)","ne(0,3)","ne(0,1)",0,9,0
152,4,0,"ne(1,4)","ne(2,5)","ne(1,2)","ne(3,0)","ne(3,2)","ne(4,3)","ne(5,4)","ne(5,0)","ne(0,1)",0,9,0
153,4,0,"ne(1,4)","ne(1,0)","ne(2,1)","ne(3,4)","ne(3,2)","ne(4,5)","ne(5,0)","ne(5,2)","ne(0,3)",0,9,0
154,4,0,"ne(1,4)","ne(1,0)","ne(1,2)","ne(3,4)","ne(3,0)","ne(3,2)","ne(5,3)","ne(5,5)","ne(5,1)",0,9,0
155,4,0,"ne(1,4)","ne(1,0)","ne(1,2)","ne(3,3)","ne(3,5)","ne(3,1)","ne(5,4)","ne(5,0)","ne(5,2)",0,9,0
156,4,0,"ne(1,4)","ne(1,0)","ne(1,2)","ne(3,3)","ne(3,5)","ne(3,1)","ne(5,3)","ne(5,5)","ne(5,1)",0,9,0
157,4,0,"nw(2,5)","nw(3,0)","nw(1,2)","nw(3,2)","nw(1,4)","nw(4,3)","nw(5,0)","nw(5,4)","nw(0,1)",0,0,9
158,4,0,"nw(2,5)","nw(3,0)","nw(1,2)","nw(4,1)","nw(2,3)","nw(4,3)","nw(5,4)","nw(0,5)","nw(0,1)",0,0,9
159,4,0,"nw(2,5)","nw(4,5)","nw(2,1)","nw(3,2)","nw(1,4)","nw(4,3)","nw(5,0)","nw(0,1)","nw(0,3)",0,0,9
160,4,0,"nw(2,5)","nw(4,5)","nw(2,1)","nw(4,1)","nw(1,3)","nw(3,3)","nw(5,3)","nw(0,5)","nw(0,1)",0,0,9
161,4,0,"nw(2,5)","nw(4,5)","nw(1,1)","nw(3,1)","nw(2,3)","nw(4,3)","nw(5,1)","nw(0,5)","nw(0,3)",0,0,9
162,4,0,"nw(2,5)","nw(4,5)","nw(1,1)","nw(3,1)","nw(1,3)","nw(3,3)","nw(5,1)","nw(5,3)","nw(0,5)",0,0,9
163,4,0,"nw(1,0)","nw(3,0)","nw(2,2)","nw(4,2)","nw(2,4)","nw(4,4)","nw(5,0)","nw(0,2)","nw(0,4)",0,0,9
164,4,0,"nw(1,0)","nw(3,0)","nw(2,2)","nw(4,2)","nw(1,4)","nw(3,4)","nw(5,0)","nw(5,4)","nw(0,2)",0,0,9
165,4,0,"nw(1,0)","nw(3,0)","nw(1,2)","nw(3,2)","nw(2,4)","nw(4,4)","nw(5,0)","nw(5,2)","nw(0,4)",0,0,9
166,4,0,"nw(1,0)","nw(3,0)","nw(1,2)","nw(4,1)","nw(2,3)","nw(3,4)","nw(5,2)","nw(5,4)","nw(0,5)",0,0,9
167,4,0,"nw(1,0)","nw(4,5)","nw(2,1)","nw(3,2)","nw(1,4)","nw(3,4)","nw(5,0)","nw(5,2)","nw(0,3)",0,0,9
168,4,0,"nw(1,0)","nw(4,5)","nw(2,1)","nw(4,1)","nw(2,3)","nw(3,4)","nw(5,2)","nw(0,5)","nw(0,3)",0,0,9
169,5,0,"up(0,0)","up(0,2)","up(0,4)","up(2,0)","up(2,2)","up(2,4)","ne(0,3)","ne(0,5)","ne(0,1)",6,3,0
170,5,0,"up(0,0)","up(0,2)","up(0,4)","ne(4,3)","ne(4,5)","ne(4,1)","up(4,0)","up(4,2)","up(4,4)",6,3,0
171,5,0,"up(0,0)","up(0,2)","up(0,4)","ne(4,3)","ne(4,5)","ne(4,1)","ne(0,3)","ne(0,5)","ne(0,1)",3,6,0
172,5,0,"up(0,0)","up(0,2)","nw(1,4)","nw(3,4)","nw(5,4)","up(2,0)","up(2,2)","up(4,0)","up(4,2)",6,0,3
173,5,1,"up(0,0)","nw(1,2)","nw(3,2)","up(0,4)","nw(5,2)","up(2,0)","up(2,4)","up(4,0)","up(4,4)",6,0,3
174,5,0,"up(0,0)","nw(1,2)","nw(3,2)","nw(1,4)","nw(3,4)","nw(5,2)","nw(5,4)","up(2,0)","up(4,0)",3,0,6
175,5,0,"up(5,0)","up(5,2)","up(5,4)","up(1,0)","up(1,2)","up(1,4)","ne(5,3)","ne(5,5)","ne(5,1)",6,3,0
176,5,0,"up(5,0)","up(5,2)","up(5,4)","ne(3,3)","ne(3,5)","ne(3,1)","up(3,0)","up(3,2)","up(3,4)",6,3,0
177,5,0,"up(5,0)","up(5,2)","up(5,4)","ne(3,3)","ne(3,5)","ne(3,1)","ne(5,3)","ne(5,5)","ne(5,1)",3,6,0
178,5,0,"up(5,0)","up(5,2)","nw(2,4)","nw(4,4)","up(1,0)","up(1,2)","nw(0,4)","up(3,0)","up(3,2)",6,0,3
179,5,0,"up(5,0)","nw(2,2)","nw(4,2)","up(5,4)","up(1,0)","up(1,4)","nw(0,2)","up(3,0)","up(3,4)",6,0,3
180,5,0,"up(5,0)","nw(2,2)","nw(4,2)","nw(2,4)","nw(4,4)","up(1,0)","nw(0,2)","nw(0,4)","up(3,0)",3,0,6
181,5,0,"ne(2,4)","ne(2,0)","ne(2,2)","ne(4,4)","ne(4,0)","ne(4,2)","up(4,5)","up(4,1)","up(4,3)",3,6,0
182,5,0,"ne(2,4)","ne(2,0)","ne(2,2)","up(2,5)","up(2,1)","up(2,3)","ne(0,4)","ne(0,0)","ne(0,2)",3,6,0
183,5,0,"ne(2,4)","ne(2,0)","ne(2,2)","up(2,5)","up(2,1)","up(2,3)","up(4,5)","up(4,1)","up(4,3)",6,3,0
184,5,0,"ne(2,4)","ne(2,0)","nw(3,3)","nw(1,5)","nw(5,1)","ne(4,4)","ne(4,2)","ne(0,0)","ne(0,2)",0,6,3
185,5,0,"ne(2,4)","nw(3,1)","nw(1,3)","ne(2,2)","nw(5,5)","ne(4,0)","ne(4,2)","ne(0,4)","ne(0,0)",0,6,3
186,5,0,"ne(2,4)","nw(3,1)","nw(1,3)","nw(3,3)","nw(1,5)","nw(5,5)","nw(5,1)","ne(4,2)","ne(0,0)",0,3,6
187,5,0,"ne(1,5)","ne(1,1)","ne(1,3)","up(1,0)","up(1,2)","up(1,4)","up(3,0)","up(3,2)","up(3,4)",6,3,0
188,5,0,"ne(1,5)","ne(1,1)","ne(1,3)","up(1,0)","up(1,2)","up(1,4)","ne(5,3)","ne(5,5)","ne(5,1)",3,6,0
189,5,0,"ne(1,5)","ne(1,1)","ne(1,3)","ne(3,3)","ne(3,5)","ne(3,1)","up(3,0)","up(3,2)","up(3,4)",3,6,0
190,5,0,"ne(1,5)","ne(1,1)","nw(4,2)","nw(2,4)","ne(3,3)","ne(3,5)","nw(0,0)","ne(5,3)","ne(5,1)",0,6,3
191,5,0,"ne(1,5)","nw(4,0)","nw(2,2)","ne(1,3)","ne(3,3)","ne(3,1)","nw(0,4)","ne(5,5)","ne(5,1)",0,6,3
192,5,0,"ne(1,5)","nw(4,0)","nw(2,2)","nw(4,2)","nw(2,4)","ne(3,3)","nw(0,0)","nw(0,4)","ne(5,1)",0,3,6
193,5,0,"nw(2,0)","ne(1,1)","ne(1,3)","nw(4,4)","ne(3,5)","ne(3,1)","nw(0,2)","ne(5,3)","ne(5,5)",0,6,3
194,5,0,"nw(2,0)","ne(1,1)","nw(4,2)","nw(2,4)","nw(4,4)","ne(3,5)","nw(0,0)","nw(0,2)","ne(5,3)",0,3,6
195,5,0,"nw(2,0)","nw(4,0)","up(5,2)","up(5,4)","up(1,2)","up(1,4)","nw(0,0)","up(3,2)","up(3,4)",6,0,3
196,5,0,"nw(2,0)","nw(4,0)","up(5,2)","nw(2,4)","nw(4,4)","up(1,2)","nw(0,0)","nw(0,4)","up(3,2)",3,0,6
197,5,0,"nw(2,0)","nw(4,0)","nw(2,2)","ne(1,3)","nw(4,4)","ne(3,1)","nw(0,2)","nw(0,4)","ne(5,5)",0,3,6
198,5,0,"nw(2,0)","nw(4,0)","nw(2,2)","nw(4,2)","up(5,4)","up(1,4)","nw(0,0)","nw(0,2)","up(3,4)",3,0,6
199,5,0,"up(0,5)","up(0,1)","up(0,3)","ne(4,4)","ne(4,0)","ne(4,2)","ne(0,4)","ne(0,0)","ne(0,2)",3,6,0
200,5,0,"up(0,5)","up(0,1)","up(0,3)","ne(4,4)","ne(4,0)","ne(4,2)","up(4,5)","up(4,1)","up(4,3)",6,3,0
201,5,0,"up(0,5)","up(0,1)","up(0,3)","up(2,5)","up(2,1)","up(2,3)","ne(0,4)","ne(0,0)","ne(0,2)",6,3,0
202,5,0,"up(0,5)","up(0,1)","nw(1,3)","nw(3,3)","nw(5,3)","up(2,5)","up(2,1)","up(4,5)","up(4,1)",6,0,3
203,5,0,"up(0,5)","nw(1,1)","nw(3,1)","up(0,3)","nw(5,1)","up(2,5)","up(2,3)","up(4,5)","up(4,3)",6,0,3
204,5,0,"up(0,5)","nw(1,1)","nw(3,1)","nw(1,3)","nw(3,3)","nw(5,1)","nw(5,3)","up(2,5)","up(4,5)",3,0,6
205,5,0,"up(5,5)","up(5,1)","up(5,3)","ne(3,4)","ne(3,0)","ne(3,2)","ne(5,4)","ne(5,0)","ne(5,2)",3,6,0
206,5,0,"up(5,5)","up(5,1)","up(5,3)","ne(3,4)","ne(3,0)","ne(3,2)","up(3,5)","up(3,1)","up(3,3)",6,3,0
207,5,0,"up(5,5)","up(5,1)","up(5,3)","up(1,5)","up(1,1)","up(1,3)","ne(5,4)","ne(5,0)","ne(5,2)",6,3,0
208,5,0,"up(5,5)","up(5,1)","nw(2,3)","nw(4,3)","up(1,5)","up(1,1)","nw(0,3)","up(3,5)","up(3,1)",6,0,3
209,5,0,"up(5,5)","nw(2,1)","nw(4,1)","up(5,3)","up(1,5)","up(1,3)","nw(0,1)","up(3,5)","up(3,3)",6,0,3
210,5,0,"up(5,5)","nw(2,1)","nw(4,1)","nw(2,3)","nw(4,3)","up(1,5)","nw(0,1)","nw(0,3)","up(3,5)",3,0,6
211,5,0,"nw(3,5)","up(0,1)","up(0,3)","nw(1,5)","nw(5,5)","up(2,1)","up(2,3)","up(4,1)","up(4,3)",6,0,3
212,5,0,"nw(3,5)","up(0,1)","nw(1,3)","nw(3,3)","nw(1,5)","nw(5,5)","nw(5,3)","up(2,1)","up(4,1)",3,0,6
213,5,0,"nw(3,5)","nw(1,1)","ne(2,0)","ne(2,2)","nw(5,3)","ne(4,4)","ne(4,0)","ne(0,4)","ne(0,2)",0,6,3
214,5,0,"nw(3,5)","nw(1,1)","ne(2,0)","nw(3,3)","nw(1,5)","nw(5,1)","nw(5,3)","ne(4,4)","ne(0,2)",0,3,6
215,5,0,"nw(3,5)","nw(1,1)","nw(3,1)","up(0,3)","nw(1,5)","nw(5,5)","nw(5,1)","up(2,3)","up(4,3)",3,0,6
216,5,0,"nw(3,5)","nw(1,1)","nw(3,1)","nw(1,3)","ne(2,2)","nw(5,5)","nw(5,3)","ne(4,0)","ne(0,4)",0,3,6
217,5,0,"ne(2,3)","ne(2,5)","ne(2,1)","up(2,0)","up(2,2)","up(2,4)","up(4,0)","up(4,2)","up(4,4)",6,3,0
218,5,0,"ne(2,3)","ne(2,5)","ne(2,1)","up(2,0)","up(2,2)","up(2,4)","ne(0,3)","ne(0,5)","ne(0,1)",3,6,0
219,5,0,"ne(2,3)","ne(2,5)","ne(2,1)","ne(4,3)","ne(4,5)","ne(4,1)","up(4,0)","up(4,2)","up(4,4)",3,6,0
220,5,0,"ne(2,3)","ne(2,5)","nw(3,2)","nw(1,4)","nw(5,0)","ne(4,3)","ne(4,1)","ne(0,5)","ne(0,1)",0,6,3
221,5,0,"ne(2,3)","nw(3,0)","nw(1,2)","ne(2,1)","nw(5,4)","ne(4,5)","ne(4,1)","ne(0,3)","ne(0,5)",0,6,3
222,5,0,"ne(2,3)","nw(3,0)","nw(1,2)","nw(3,2)","nw(1,4)","nw(5,0)","nw(5,4)","ne(4,1)","ne(0,5)",0,3,6
223,5,0,"ne(1,4)","ne(1,0)","ne(1,2)","ne(3,4)","ne(3,0)","ne(3,2)","up(3,5)","up(3,1)","up(3,3)",3,6,0
224,5,0,"ne(1,4)","ne(1,0)","ne(1,2)","up(1,5)","up(1,1)","up(1,3)","ne(5,4)","ne(5,0)","ne(5,2)",3,6,0
225,5,0,"ne(1,4)","ne(1,0)","ne(1,2)","up(1,5)","up(1,1)","up(1,3)","up(3,5)","up(3,1)","up(3,3)",6,3,0
226,5,0,"ne(1,4)","ne(1,0)","nw(4,1)","nw(2,3)","ne(3,4)","ne(3,2)","nw(0,5)","ne(5,0)","ne(5,2)",0,6,3
227,5,0,"ne(1,4)","nw(4,5)","nw(2,1)","ne(1,2)","ne(3,0)","ne(3,2)","nw(0,3)","ne(5,4)","ne(5,0)",0,6,3
228,5,0,"ne(1,4)","nw(4,5)","nw(2,1)","nw(4,1)","nw(2,3)","ne(3,2)","nw(0,5)","nw(0,3)","ne(5,0)",0,3,6
229,5,0,"nw(2,5)","ne(1,0)","ne(1,2)","nw(4,3)","ne(3,4)","ne(3,0)","nw(0,1)","ne(5,4)","ne(5,2)",0,6,3
230,5,0,"nw(2,5)","ne(1,0)","nw(4,1)","nw(2,3)","nw(4,3)","ne(3,4)","nw(0,5)","nw(0,1)","ne(5,2)",0,3,6
231,5,0,"nw(2,5)","nw(4,5)","up(5,1)","up(5,3)","up(1,1)","up(1,3)","nw(0,5)","up(3,1)","up(3,3)",6,0,3
232,5,0,"nw(2,5)","nw(4,5)","up(5,1)","nw(2,3)","nw(4,3)","up(1,1)","nw(0,5)","nw(0,3)","up(3,1)",3,0,6
233,5,0,"nw(2,5)","nw(4,5)","nw(2,1)","ne(1,2)","nw(4,3)","ne(3,0)","nw(0,1)","nw(0,3)","ne(5,4)",0,3,6
234,5,0,"nw(2,5)","nw(4,5)","nw(2,1)","nw(4,1)","up(5,3)","up(1,3)","nw(0,5)","nw(0,1)","up(3,3)",3,0,6
235,5,0,"nw(1,0)","ne(2,5)","ne(2,1)","nw(3,4)","nw(5,2)","ne(4,3)","ne(4,5)","ne(0,3)","ne(0,1)",0,6,3
236,5,0,"nw(1,0)","ne(2,5)","nw(3,2)","nw(1,4)","nw(3,4)","nw(5,0)","nw(5,2)","ne(4,3)","ne(0,1)",0,3,6
237,5,0,"nw(1,0)","nw(3,0)","up(0,2)","up(0,4)","nw(5,0)","up(2,2)","up(2,4)","up(4,2)","up(4,4)",6,0,3
238,5,0,"nw(1,0)","nw(3,0)","up(0,2)","nw(1,4)","nw(3,4)","nw(5,0)","nw(5,4)","up(2,2)","up(4,2)",3,0,6
239,5,0,"nw(1,0)","nw(3,0)","nw(1,2)","ne(2,1)","nw(3,4)","nw(5,2)","nw(5,4)","ne(4,5)","ne(0,3)",0,3,6
240,5,0,"nw(1,0)","nw(3,0)","nw(1,2)","nw(3,2)","up(0,4)","nw(5,0)","nw(5,2)","up(2,4)","up(4,4)",3,0,6
241,6,0,"up(0,0)","up(0,2)","nw(2,4)","nw(4,4)","ne(4,4)","ne(4,0)","nw(0,2)","up(4,0)","ne(0,2)",3,3,3
242,6,0,"up(0,0)","up(0,2)","nw(2,4)","nw(4,4)","ne(4,4)","nw(0,0)","up(2,2)","ne(0,0)","ne(0,2)",3,3,3
243,6,0,"up(0,0)","nw(2,2)","ne(2,2)","nw(4,4)","up(2,0)","up(2,2)","nw(0,4)","ne(0,4)","ne(0,0)",3,3,3
244,6,0,"up(0,0)","nw(2,2)","ne(2,2)","nw(4,4)","ne(4,4)","ne(4,0)","nw(0,2)","up(4,0)","up(4,4)",3,3,3
245,6,0,"up(0,0)","nw(2,2)","nw(4,2)","up(0,4)","up(2,0)","ne(4,2)","nw(0,4)","ne(0,4)","ne(0,0)",3,3,3
246,6,0,"up(0,0)","nw(2,2)","nw(4,2)","up(0,4)","ne(4,4)","nw(0,0)","ne(4,2)","ne(0,0)","up(4,4)",3,3,3
247,6,0,"up(5,0)","up(5,2)","nw(1,4)","nw(3,4)","ne(3,4)","ne(3,0)","nw(5,2)","up(3,0)","ne(5,2)",3,3,3
248,6,0,"up(5,0)","up(5,2)","nw(1,4)","nw(3,4)","ne(3,4)","nw(5,0)","up(1,2)","ne(5,0)","ne(5,2)",3,3,3
249,6,0,"up(5,0)","nw(1,2)","ne(1,2)","nw(3,4)","up(1,0)","up(1,2)","nw(5,4)","ne(5,4)","ne(5,0)",3,3,3
250,6,0,"up(5,0)","nw(1,2)","ne(1,2)","nw(3,4)","ne(3,4)","ne(3,0)","nw(5,2)","up(3,0)","up(3,4)",3,3,3
251,6,0,"up(5,0)","nw(1,2)","nw(3,2)","up(5,4)","up(1,0)","ne(3,2)","nw(5,4)","ne(5,4)","ne(5,0)",3,3,3
252,6,0,"up(5,0)","nw(1,2)","nw(3,2)","up(5,4)","ne(3,4)","nw(5,0)","ne(3,2)","ne(5,0)","up(3,4)",3,3,3
253,6,0,"ne(2,4)","ne(2,0)","nw(4,2)","nw(2,4)","up(2,0)","ne(4,2)","nw(0,4)","up(4,0)","up(4,2)",3,3,3
254,6,0,"ne(2,4)","ne(2,0)","nw(4,2)","nw(2,4)","up(2,0)","nw(0,2)","up(2,4)","up(4,0)","ne(0,2)",3,3,3
255,6,0,"ne(2,4)","nw(4,0)","up(0,2)","nw(2,4)","ne(4,0)","ne(4,2)","nw(0,4)","up(4,0)","up(4,2)",3,3,3
256,6,0,"ne(2,4)","nw(4,0)","up(0,2)","nw(2,4)","nw(0,0)","up(2,2)","up(2,4)","ne(0,0)","ne(0,2)",3,3,3
257,6,0,"ne(2,4)","nw(4,0)","nw(2,2)","ne(2,2)","ne(4,0)","nw(0,2)","up(2,4)","up(4,0)","up(4,4)",3,3,3
258,6,0,"ne(2,4)","nw(4,0)","nw(2,2)","ne(2,2)","nw(0,0)","up(2,2)","up(2,4)","ne(0,0)","up(4,4)",3,3,3
259,6,0,"ne(1,5)","ne(1,1)","nw(3,3)","nw(1,5)","up(1,5)","up(1,1)","nw(5,3)","ne(5,3)","up(3,1)",3,3,3
260,6,0,"ne(1,5)","ne(1,1)","nw(3,3)","nw(1,5)","ne(3,3)","nw(5,5)","up(1,1)","up(3,1)","up(3,3)",3,3,3
261,6,0,"ne(1,5)","nw(3,1)","up(5,3)","nw(1,5)","up(1,5)","nw(5,1)","up(1,3)","ne(5,3)","ne(5,1)",3,3,3
262,6,0,"ne(1,5)","nw(3,1)","up(5,3)","nw(1,5)","ne(3,3)","nw(5,5)","ne(3,1)","up(3,1)","up(3,3)",3,3,3
263,6,0,"ne(1,5)","nw(3,1)","nw(1,3)","ne(1,3)","up(1,5)","ne(3,1)","nw(5,3)","up(3,5)","up(3,1)",3,3,3
264,6,0,"ne(1,5)","nw(3,1)","nw(1,3)","ne(1,3)","up(1,5)","nw(5,1)","up(1,3)","up(3,5)","ne(5,1)",3,3,3
265,6,0,"nw(2,0)","ne(2,0)","ne(2,2)","nw(4,4)","up(2,0)","up(2,2)","nw(0,4)","ne(0,4)","up(4,2)",3,3,3
266,6,0,"nw(2,0)","ne(2,0)","ne(2,2)","nw(4,4)","ne(4,4)","nw(0,0)","up(2,2)","up(4,2)","up(4,4)",3,3,3
267,6,0,"nw(2,0)","ne(2,0)","nw(4,2)","up(0,4)","up(2,0)","nw(0,2)","up(2,4)","ne(0,4)","ne(0,2)",3,3,3
268,6,0,"nw(2,0)","ne(2,0)","nw(4,2)","up(0,4)","ne(4,4)","nw(0,0)","ne(4,2)","up(4,2)","up(4,4)",3,3,3
269,6,0,"nw(2,0)","nw(4,0)","up(0,2)","up(0,4)","ne(4,0)","ne(4,2)","nw(0,4)","ne(0,4)","up(4,2)",3,3,3
270,6,0,"nw(2,0)","nw(4,0)","up(0,2)","up(0,4)","ne(4,0)","nw(0,2)","up(2,4)","ne(0,4)","ne(0,2)",3,3,3
271,6,0,"up(0,5)","up(0,1)","nw(2,3)","nw(4,3)","ne(4,3)","ne(4,5)","nw(0,1)","up(4,5)","ne(0,1)",3,3,3
272,6,0,"up(0,5)","up(0,1)","nw(2,3)","nw(4,3)","ne(4,3)","nw(0,5)","up(2,1)","ne(0,5)","ne(0,1)",3,3,3
273,6,0,"up(0,5)","nw(2,1)","ne(2,1)","nw(4,3)","up(2,5)","up(2,1)","nw(0,3)","ne(0,3)","ne(0,5)",3,3,3
274,6,0,"up(0,5)","nw(2,1)","ne(2,1)","nw(4,3)","ne(4,3)","ne(4,5)","nw(0,1)","up(4,5)","up(4,3)",3,3,3
275,6,0,"up(0,5)","nw(2,1)","nw(4,1)","up(0,3)","up(2,5)","ne(4,1)","nw(0,3)","ne(0,3)","ne(0,5)",3,3,3
276,6,0,"up(0,5)","nw(2,1)","nw(4,1)","up(0,3)","ne(4,3)","nw(0,5)","ne(4,1)","ne(0,5)","up(4,3)",3,3,3
277,6,0,"up(5,5)","up(5,1)","nw(1,3)","nw(3,3)","ne(3,3)","ne(3,5)","nw(5,1)","up(3,5)","ne(5,1)",3,3,3
278,6,0,"up(5,5)","up(5,1)","nw(1,3)","nw(3,3)","ne(3,3)","nw(5,5)","up(1,1)","ne(5,5)","ne(5,1)",3,3,3
279,6,0,"up(5,5)","nw(1,1)","ne(1,1)","nw(3,3)","up(1,5)","up(1,1)","nw(5,3)","ne(5,3)","ne(5,5)",3,3,3
280,6,0,"up(5,5)","nw(1,1)","ne(1,1)","nw(3,3)","ne(3,3)","ne(3,5)","nw(5,1)","up(3,5)","up(3,3)",3,3,3
281,6,0,"up(5,5)","nw(1,1)","nw(3,1)","up(5,3)","up(1,5)","ne(3,1)","nw(5,3)","ne(5,3)","ne(5,5)",3,3,3
282,6,0,"up(5,5)","nw(1,1)","nw(3,1)","up(5,3)","ne(3,3)","nw(5,5)","ne(3,1)","ne(5,5)","up(3,3)",3,3,3
283,6,0,"nw(3,5)","up(5,1)","up(5,3)","nw(1,5)","ne(3,5)","ne(3,1)","nw(5,3)","ne(5,3)","up(3,1)",3,3,3
284,6,0,"nw(3,5)","up(5,1)","up(5,3)","nw(1,5)","ne(3,5)","nw(5,1)","up(1,3)","ne(5,3)","ne(5,1)",3,3,3
285,6,0,"nw(3,5)","up(5,1)","nw(1,3)","ne(1,3)","ne(3,5)","ne(3,1)","nw(5,3)","up(3,5)","up(3,1)",3,3,3
286,6,0,"nw(3,5)","up(5,1)","nw(1,3)","ne(1,3)","nw(5,5)","up(1,1)","up(1,3)","ne(5,5)","ne(5,1)",3,3,3
287,6,0,"nw(3,5)","nw(1,1)","ne(1,1)","ne(1,3)","ne(3,5)","nw(5,1)","up(1,3)","up(3,5)","up(3,3)",3,3,3
288,6,0,"nw(3,5)","nw(1,1)","ne(1,1)","ne(1,3)","nw(5,5)","up(1,1)","up(1,3)","ne(5,5)","up(3,3)",3,3,3
289,6,0,"ne(2,3)","ne(2,5)","nw(4,1)","nw(2,3)","up(2,5)","ne(4,1)","nw(0,3)","up(4,5)","up(4,1)",3,3,3
290,6,0,"ne(2,3)","ne(2,5)","nw(4,1)","nw(2,3)","up(2,5)","nw(0,1)","up(2,3)","up(4,5)","ne(0,1)",3,3,3
291,6,0,"ne(2,3)","nw(4,5)","up(0,1)","nw(2,3)","ne(4,5)","ne(4,1)","nw(0,3)","up(4,5)","up(4,1)",3,3,3
292,6,0,"ne(2,3)","nw(4,5)","up(0,1)","nw(2,3)","nw(0,5)","up(2,1)","up(2,3)","ne(0,5)","ne(0,1)",3,3,3
293,6,0,"ne(2,3)","nw(4,5)","nw(2,1)","ne(2,1)","ne(4,5)","nw(0,1)","up(2,3)","up(4,5)","up(4,3)",3,3,3
294,6,0,"ne(2,3)","nw(4,5)","nw(2,1)","ne(2,1)","nw(0,5)","up(2,1)","up(2,3)","ne(0,5)","up(4,3)",3,3,3
295,6,0,"ne(1,4)","ne(1,0)","nw(3,2)","nw(1,4)","up(1,0)","ne(3,2)","nw(5,4)","up(3,0)","up(3,2)",3,3,3
296,6,0,"ne(1,4)","ne(1,0)","nw(3,2)","nw(1,4)","up(1,0)","nw(5,2)","up(1,4)","up(3,0)","ne(5,2)",3,3,3
297,6,0,"ne(1,4)","nw(3,0)","up(5,2)","nw(1,4)","ne(3,0)","ne(3,2)","nw(5,4)","up(3,0)","up(3,2)",3,3,3
298,6,0,"ne(1,4)","nw(3,0)","up(5,2)","nw(1,4)","nw(5,0)","up(1,2)","up(1,4)","ne(5,0)","ne(5,2)",3,3,3
299,6,0,"ne(1,4)","nw(3,0)","nw(1,2)","ne(1,2)","ne(3,0)","nw(5,2)","up(1,4)","up(3,0)","up(3,4)",3,3,3
300,6,0,"ne(1,4)","nw(3,0)","nw(1,2)","ne(1,2)","nw(5,0)","up(1,2)","up(1,4)","ne(5,0)","up(3,4)",3,3,3
301,6,0,"nw(2,5)","ne(2,5)","ne(2,1)","nw(4,3)","up(2,5)","up(2,1)","nw(0,3)","ne(0,3)","up(4,1)",3,3,3
302,6,0,"nw(2,5)","ne(2,5)","ne(2,1)","nw(4,3)","ne(4,3)","nw(0,5)","up(2,1)","up(4,1)","up(4,3)",3,3,3
303,6,0,"nw(2,5)","ne(2,5)","nw(4,1)","up(0,3)","up(2,5)","nw(0,1)","up(2,3)","ne(0,3)","ne(0,1)",3,3,3
304,6,0,"nw(2,5)","ne(2,5)","nw(4,1)","up(0,3)","ne(4,3)","nw(0,5)","ne(4,1)","up(4,1)","up(4,3)",3,3,3
305,6,0,"nw(2,5)","nw(4,5)","up(0,1)","up(0,3)","ne(4,5)","ne(4,1)","nw(0,3)","ne(0,3)","up(4,1)",3,3,3
306,6,0,"nw(2,5)","nw(4,5)","up(0,1)","up(0,3)","ne(4,5)","nw(0,1)","up(2,3)","ne(0,3)","ne(0,1)",3,3,3
307,6,0,"nw(1,0)","ne(1,0)","ne(1,2)","nw(3,4)","up(1,0)","up(1,2)","nw(5,4)","ne(5,4)","up(3,2)",3,3,3
308,6,0,"nw(1,0)","ne(1,0)","ne(1,2)","nw(3,4)","ne(3,4)","nw(5,0)","up(1,2)","up(3,2)","up(3,4)",3,3,3
309,6,1,"nw(1,0)","ne(1,0)","nw(3,2)","up(5,4)","up(1,0)","nw(5,2)","up(1,4)","ne(5,4)","ne(5,2)",3,3,3
310,6,0,"nw(1,0)","ne(1,0)","nw(3,2)","up(5,4)","ne(3,4)","nw(5,0)","ne(3,2)","up(3,2)","up(3,4)",3,3,3
311,6,0,"nw(1,0)","nw(3,0)","up(5,2)","up(5,4)","ne(3,0)","ne(3,2)","nw(5,4)","ne(5,4)","up(3,2)",3,3,3
312,6,0,"nw(1,0)","nw(3,0)","up(5,2)","up(5,4)","ne(3,0)","nw(5,2)","up(1,4)","ne(5,4)","ne(5,2)",3,3,3
313,7,0,"up(0,0)","up(0,2)","up(0,4)","ne(4,4)","ne(4,0)","ne(4,2)","up(4,5)","up(4,1)","up(4,3)",6,3,0
314,7,0,"up(0,0)","up(0,2)","up(0,4)","ne(4,4)","ne(4,0)","ne(4,2)","ne(0,3)","ne(0,5)","ne(0,1)",3,6,0
315,7,0,"up(0,0)","up(0,2)","up(0,4)","up(2,5)","up(2,1)","up(2,3)","ne(0,4)","ne(0,0)","ne(0,2)",6,3,0
316,7,0,"up(0,0)","up(0,2)","up(0,4)","up(2,5)","up(2,1)","up(2,3)","ne(0,3)","ne(0,5)","ne(0,1)",6,3,0
317,7,0,"up(0,0)","up(0,2)","up(0,4)","ne(4,3)","ne(4,5)","ne(4,1)","ne(0,4)","ne(0,0)","ne(0,2)",3,6,0
318,7,0,"up(0,0)","up(0,2)","up(0,4)","ne(4,3)","ne(4,5)","ne(4,1)","up(4,5)","up(4,1)","up(4,3)",6,3,0
319,7,0,"up(0,0)","up(5,2)","nw(2,4)","nw(4,4)","up(1,2)","up(2,0)","nw(0,4)","up(3,2)","up(4,0)",6,0,3
320,7,0,"up(0,0)","up(5,2)","nw(1,4)","nw(3,4)","up(1,2)","nw(5,4)","up(2,0)","up(3,2)","up(4,0)",6,0,3
321,7,0,"up(0,0)","nw(2,2)","nw(4,2)","up(5,4)","up(1,4)","up(2,0)","nw(0,2)","up(3,4)","up(4,0)",6,0,3
322,7,0,"up(0,0)","nw(2,2)","nw(4,2)","nw(1,4)","nw(3,4)","nw(5,4)","up(2,0)","nw(0,2)","up(4,0)",3,0,6
323,7,0,"up(0,0)","nw(1,2)","nw(3,2)","up(5,4)","nw(5,2)","up(1,4)","up(2,0)","up(3,4)","up(4,0)",6,0,3
324,7,0,"up(0,0)","nw(1,2)","nw(3,2)","nw(2,4)","nw(4,4)","nw(5,2)","up(2,0)","nw(0,4)","up(4,0)",3,0,6
325,7,0,"up(5,0)","up(0,2)","nw(2,4)","nw(4,4)","up(1,0)","up(2,2)","nw(0,4)","up(3,0)","up(4,2)",6,0,3
326,7,0,"up(5,0)","up(0,2)","nw(1,4)","nw(3,4)","up(1,0)","nw(5,4)","up(2,2)","up(3,0)","up(4,2)",6,0,3
327,7,0,"up(5,0)","up(5,2)","up(5,4)","ne(3,4)","ne(3,0)","ne(3,2)","up(3,5)","up(3,1)","up(3,3)",6,3,0
328,7,0,"up(5,0)","up(5,2)","up(5,4)","ne(3,4)","ne(3,0)","ne(3,2)","ne(5,3)","ne(5,5)","ne(5,1)",3,6,0
329,7,0,"up(5,0)","up(5,2)","up(5,4)","up(1,5)","up(1,1)","up(1,3)","ne(5,4)","ne(5,0)","ne(5,2)",6,3,0
330,7,0,"up(5,0)","up(5,2)","up(5,4)","up(1,5)","up(1,1)","up(1,3)","ne(5,3)","ne(5,5)","ne(5,1)",6,3,0
331,7,0,"up(5,0)","up(5,2)","up(5,4)","ne(3,3)","ne(3,5)","ne(3,1)","ne(5,4)","ne(5,0)","ne(5,2)",3,6,0
332,7,0,"up(5,0)","up(5,2)","up(5,4)","ne(3,3)","ne(3,5)","ne(3,1)","up(3,5)","up(3,1)","up(3,3)",6,3,0
333,7,0,"up(5,0)","nw(2,2)","nw(4,2)","up(0,4)","up(1,0)","nw(0,2)","up(2,4)","up(3,0)","up(4,4)",6,0,3
334,7,0,"up(5,0)","nw(2,2)","nw(4,2)","nw(1,4)","nw(3,4)","up(1,0)","nw(5,4)","nw(0,2)","up(3,0)",3,0,6
335,7,0,"up(5,0)","nw(1,2)","nw(3,2)","up(0,4)","up(1,0)","nw(5,2)","up(2,4)","up(3,0)","up(4,4)",6,0,3
336,7,0,"up(5,0)","nw(1,2)","nw(3,2)","nw(2,4)","nw(4,4)","up(1,0)","nw(5,2)","nw(0,4)","up(3,0)",3,0,6
337,7,0,"ne(2,4)","ne(2,0)","ne(2,2)","up(2,0)","up(2,2)","up(2,4)","up(4,5)","up(4,1)","up(4,3)",6,3,0
338,7,0,"ne(2,4)","ne(2,0)","ne(2,2)","up(2,0)","up(2,2)","up(2,4)","ne(0,3)","ne(0,5)","ne(0,1)",3,6,0
339,7,0,"ne(2,4)","ne(2,0)","ne(2,2)","up(2,5)","up(2,1)","up(2,3)","up(4,0)","up(4,2)","up(4,4)",6,3,0
340,7,0,"ne(2,4)","ne(2,0)","ne(2,2)","up(2,5)","up(2,1)","up(2,3)","ne(0,3)","ne(0,5)","ne(0,1)",3,6,0
341,7,0,"ne(2,4)","ne(2,0)","ne(2,2)","ne(4,3)","ne(4,5)","ne(4,1)","up(4,0)","up(4,2)","up(4,4)",3,6,0
342,7,0,"ne(2,4)","ne(2,0)","ne(2,2)","ne(4,3)","ne(4,5)","ne(4,1)","up(4,5)","up(4,1)","up(4,3)",3,6,0
343,7,0,"ne(2,4)","ne(1,1)","nw(3,3)","nw(1,5)","ne(3,5)","nw(5,1)","ne(4,2)","ne(5,3)","ne(0,0)",0,6,3
344,7,0,"ne(2,4)","ne(1,1)","nw(4,2)","nw(2,4)","ne(3,5)","nw(0,0)","ne(4,2)","ne(5,3)","ne(0,0)",0,6,3
345,7,0,"ne(2,4)","nw(3,1)","nw(1,3)","ne(1,3)","nw(5,5)","ne(3,1)","ne(4,2)","ne(5,5)","ne(0,0)",0,6,3
346,7,0,"ne(2,4)","nw(3,1)","nw(1,3)","nw(4,2)","nw(2,4)","nw(5,5)","nw(0,0)","ne(4,2)","ne(0,0)",0,3,6
347,7,0,"ne(2,4)","nw(4,0)","nw(2,2)","ne(1,3)","ne(3,1)","ne(4,2)","nw(0,4)","ne(5,5)","ne(0,0)",0,6,3
348,7,0,"ne(2,4)","nw(4,0)","nw(2,2)","nw(3,3)","nw(1,5)","nw(5,1)","ne(4,2)","nw(0,4)","ne(0,0)",0,3,6
349,7,0,"ne(1,5)","ne(2,0)","nw(3,3)","nw(1,5)","ne(3,3)","nw(5,1)","ne(4,4)","ne(5,1)","ne(0,2)",0,6,3
350,7,0,"ne(1,5)","ne(2,0)","nw(4,2)","nw(2,4)","ne(3,3)","ne(4,4)","nw(0,0)","ne(5,1)","ne(0,2)",0,6,3
351,7,0,"ne(1,5)","ne(1,1)","ne(1,3)","up(1,0)","up(1,2)","up(1,4)","ne(5,4)","ne(5,0)","ne(5,2)",3,6,0
352,7,0,"ne(1,5)","ne(1,1)","ne(1,3)","up(1,0)","up(1,2)","up(1,4)","up(3,5)","up(3,1)","up(3,3)",6,3,0
353,7,0,"ne(1,5)","ne(1,1)","ne(1,3)","ne(3,4)","ne(3,0)","ne(3,2)","up(3,0)","up(3,2)","up(3,4)",3,6,0
354,7,0,"ne(1,5)","ne(1,1)","ne(1,3)","ne(3,4)","ne(3,0)","ne(3,2)","up(3,5)","up(3,1)","up(3,3)",3,6,0
355,7,0,"ne(1,5)","ne(1,1)","ne(1,3)","up(1,5)","up(1,1)","up(1,3)","up(3,0)","up(3,2)","up(3,4)",6,3,0
356,7,0,"ne(1,5)","ne(1,1)","ne(1,3)","up(1,5)","up(1,1)","up(1,3)","ne(5,4)","ne(5,0)","ne(5,2)",3,6,0
357,7,0,"ne(1,5)","nw(3,1)","nw(1,3)","ne(2,2)","ne(3,3)","nw(5,5)","ne(4,0)","ne(5,1)","ne(0,4)",0,6,3
358,7,0,"ne(1,5)","nw(3,1)","nw(1,3)","nw(4,2)","nw(2,4)","ne(3,3)","nw(5,5)","nw(0,0)","ne(5,1)",0,3,6
359,7,0,"ne(1,5)","nw(4,0)","nw(2,2)","ne(2,2)","ne(3,3)","ne(4,0)","nw(0,4)","ne(5,1)","ne(0,4)",0,6,3
360,7,0,"ne(1,5)","nw(4,0)","nw(2,2)","nw(3,3)","nw(1,5)","ne(3,3)","nw(5,1)","nw(0,4)","ne(5,1)",0,3,6
361,7,0,"nw(2,0)","ne(2,0)","ne(1,3)","nw(4,4)","ne(3,1)","ne(4,4)","nw(0,2)","ne(5,5)","ne(0,2)",0,6,3
362,7,0,"nw(2,0)","ne(2,0)","nw(3,3)","nw(1,5)","nw(4,4)","nw(5,1)","ne(4,4)","nw(0,2)","ne(0,2)",0,3,6
363,7,0,"nw(2,0)","ne(1,1)","ne(2,2)","nw(4,4)","ne(3,5)","ne(4,0)","nw(0,2)","ne(5,3)","ne(0,4)",0,6,3
364,7,0,"nw(2,0)","ne(1,1)","nw(3,3)","nw(1,5)","nw(4,4)","ne(3,5)","nw(5,1)","nw(0,2)","ne(5,3)",0,3,6
365,7,0,"nw(2,0)","nw(3,1)","nw(1,3)","ne(2,2)","nw(4,4)","nw(5,5)","ne(4,0)","nw(0,2)","ne(0,4)",0,3,6
366,7,0,"nw(2,0)","nw(3,1)","nw(1,3)","ne(1,3)","nw(4,4)","nw(5,5)","ne(3,1)","nw(0,2)","ne(5,5)",0,3,6
367,7,0,"nw(2,0)","nw(4,0)","up(0,2)","up(5,4)","up(1,4)","nw(0,0)","up(2,2)","up(3,4)","up(4,2)",6,0,3
368,7,0,"nw(2,0)","nw(4,0)","up(0,2)","nw(1,4)","nw(3,4)","nw(5,4)","nw(0,0)","up(2,2)","up(4,2)",3,0,6
369,7,0,"nw(2,0)","nw(4,0)","up(5,2)","up(0,4)","up(1,2)","nw(0,0)","up(2,4)","up(3,2)","up(4,4)",6,0,3
370,7,0,"nw(2,0)","nw(4,0)","up(5,2)","nw(1,4)","nw(3,4)","up(1,2)","nw(5,4)","nw(0,0)","up(3,2)",3,0,6
371,7,0,"nw(2,0)","nw(4,0)","nw(1,2)","nw(3,2)","up(0,4)","nw(5,2)","nw(0,0)","up(2,4)","up(4,4)",3,0,6
372,7,0,"nw(2,0)","nw(4,0)","nw(1,2)","nw(3,2)","up(5,4)","nw(5,2)","up(1,4)","nw(0,0)","up(3,4)",3,0,6
373,7,0,"up(0,5)","up(0,1)","up(0,3)","up(2,0)","up(2,2)","up(2,4)","ne(0,4)","ne(0,0)","ne(0,2)",6,3,0
374,7,0,"up(0,5)","up(0,1)","up(0,3)","up(2,0)","up(2,2)","up(2,4)","ne(0,3)","ne(0,5)","ne(0,1)",6,3,0
375,7,0,"up(0,5)","up(0,1)","up(0,3)","ne(4,4)","ne(4,0)","ne(4,2)","up(4,0)","up(4,2)","up(4,4)",6,3,0
376,7,0,"up(0,5)","up(0,1)","up(0,3)","ne(4,4)","ne(4,0)","ne(4,2)","ne(0,3)","ne(0,5)","ne(0,1)",3,6,0
377,7,0,"up(0,5)","up(0,1)","up(0,3)","ne(4,3)","ne(4,5)","ne(4,1)","up(4,0)","up(4,2)","up(4,4)",6,3,0
378,7,0,"up(0,5)","up(0,1)","up(0,3)","ne(4,3)","ne(4,5)","ne(4,1)","ne(0,4)","ne(0,0)","ne(0,2)",3,6,0
379,7,0,"up(0,5)","up(5,1)","nw(2,3)","nw(4,3)","up(1,1)","up(2,5)","nw(0,3)","up(3,1)","up(4,5)",6,0,3
380,7,0,"up(0,5)","up(5,1)","nw(1,3)","nw(3,3)","up(1,1)","nw(5,3)","up(2,5)","up(3,1)","up(4,5)",6,0,3
381,7,0,"up(0,5)","nw(2,1)","nw(4,1)","up(5,3)","up(1,3)","up(2,5)","nw(0,1)","up(3,3)","up(4,5)",6,0,3
382,7,0,"up(0,5)","nw(2,1)","nw(4,1)","nw(1,3)","nw(3,3)","nw(5,3)","up(2,5)","nw(0,1)","up(4,5)",3,0,6
383,7,0,"up(0,5)","nw(1,1)","nw(3,1)","up(5,3)","nw(5,1)","up(1,3)","up(2,5)","up(3,3)","up(4,5)",6,0,3
384,7,0,"up(0,5)","nw(1,1)","nw(3,1)","nw(2,3)","nw(4,3)","nw(5,1)","up(2,5)","nw(0,3)","up(4,5)",3,0,6
385,7,0,"up(5,5)","up(0,1)","nw(2,3)","nw(4,3)","up(1,5)","up(2,1)","nw(0,3)","up(3,5)","up(4,1)",6,0,3
386,7,0,"up(5,5)","up(0,1)","nw(1,3)","nw(3,3)","up(1,5)","nw(5,3)","up(2,1)","up(3,5)","up(4,1)",6,0,3
387,7,0,"up(5,5)","up(5,1)","up(5,3)","up(1,0)","up(1,2)","up(1,4)","ne(5,4)","ne(5,0)","ne(5,2)",6,3,0
388,7,0,"up(5,5)","up(5,1)","up(5,3)","up(1,0)","up(1,2)","up(1,4)","ne(5,3)","ne(5,5)","ne(5,1)",6,3,0
389,7,0,"up(5,5)","up(5,1)","up(5,3)","ne(3,4)","ne(3,0)","ne(3,2)","up(3,0)","up(3,2)","up(3,4)",6,3,0
390,7,0,"up(5,5)","up(5,1)","up(5,3)","ne(3,4)","ne(3,0)","ne(3,2)","ne(5,3)","ne(5,5)","ne(5,1)",3,6,0
391,7,0,"up(5,5)","up(5,1)","up(5,3)","ne(3,3)","ne(3,5)","ne(3,1)","up(3,0)","up(3,2)","up(3,4)",6,3,0
392,7,0,"up(5,5)","up(5,1)","up(5,3)","ne(3,3)","ne(3,5)","ne(3,1)","ne(5,4)","ne(5,0)","ne(5,2)",3,6,0
393,7,0,"up(5,5)","nw(2,1)","nw(4,1)","up(0,3)","up(1,5)","nw(0,1)","up(2,3)","up(3,5)","up(4,3)",6,0,3
394,7,0,"up(5,5)","nw(2,1)","nw(4,1)","nw(1,3)","nw(3,3)","up(1,5)","nw(5,3)","nw(0,1)","up(3,5)",3,0,6
395,7,0,"up(5,5)","nw(1,1)","nw(3,1)","up(0,3)","up(1,5)","nw(5,1)","up(2,3)","up(3,5)","up(4,3)",6,0,3
396,7,0,"up(5,5)","nw(1,1)","nw(3,1)","nw(2,3)","nw(4,3)","up(1,5)","nw(5,1)","nw(0,3)","up(3,5)",3,0,6
397,7,0,"nw(3,5)","up(0,1)","up(5,3)","nw(1,5)","nw(5,5)","up(1,3)","up(2,1)","up(3,3)","up(4,1)",6,0,3
398,7,0,"nw(3,5)","up(0,1)","nw(2,3)","nw(4,3)","nw(1,5)","nw(5,5)","up(2,1)","nw(0,3)","up(4,1)",3,0,6
399,7,0,"nw(3,5)","up(5,1)","up(0,3)","nw(1,5)","nw(5,5)","up(1,1)","up(2,3)","up(3,1)","up(4,3)",6,0,3
400,7,0,"nw(3,5)","up(5,1)","nw(2,3)","nw(4,3)","nw(1,5)","nw(5,5)","up(1,1)","nw(0,3)","up(3,1)",3,0,6
401,7,0,"nw(3,5)","nw(2,1)","nw(4,1)","up(0,3)","nw(1,5)","nw(5,5)","nw(0,1)","up(2,3)","up(4,3)",3,0,6
402,7,0,"nw(3,5)","nw(2,1)","nw(4,1)","up(5,3)","nw(1,5)","nw(5,5)","up(1,3)","nw(0,1)","up(3,3)",3,0,6
403,7,0,"nw(3,5)","nw(1,1)","ne(2,0)","ne(1,3)","ne(3,1)","nw(5,3)","ne(4,4)","ne(5,5)","ne(0,2)",0,6,3
404,7,0,"nw(3,5)","nw(1,1)","ne(2,0)","nw(4,2)","nw(2,4)","nw(5,3)","ne(4,4)","nw(0,0)","ne(0,2)",0,3,6
405,7,0,"nw(3,5)","nw(1,1)","ne(1,1)","ne(2,2)","ne(3,5)","nw(5,3)","ne(4,0)","ne(5,3)","ne(0,4)",0,6,3
406,7,0,"nw(3,5)","nw(1,1)","ne(1,1)","nw(4,2)","nw(2,4)","ne(3,5)","nw(5,3)","nw(0,0)","ne(5,3)",0,3,6
407,7,0,"nw(3,5)","nw(1,1)","nw(4,0)","nw(2,2)","ne(2,2)","nw(5,3)","ne(4,0)","nw(0,4)","ne(0,4)",0,3,6
408,7,0,"nw(3,5)","nw(1,1)","nw(4,0)","nw(2,2)","ne(1,3)","ne(3,1)","nw(5,3)","nw(0,4)","ne(5,5)",0,3,6
409,7,0,"ne(2,3)","ne(2,5)","ne(2,1)","up(2,0)","up(2,2)","up(2,4)","ne(0,4)","ne(0,0)","ne(0,2)",3,6,0
410,7,0,"ne(2,3)","ne(2,5)","ne(2,1)","up(2,0)","up(2,2)","up(2,4)","up(4,5)","up(4,1)","up(4,3)",6,3,0
411,7,0,"ne(2,3)","ne(2,5)","ne(2,1)","ne(4,4)","ne(4,0)","ne(4,2)","up(4,0)","up(4,2)","up(4,4)",3,6,0
412,7,0,"ne(2,3)","ne(2,5)","ne(2,1)","ne(4,4)","ne(4,0)","ne(4,2)","up(4,5)","up(4,1)","up(4,3)",3,6,0
413,7,0,"ne(2,3)","ne(2,5)","ne(2,1)","up(2,5)","up(2,1)","up(2,3)","up(4,0)","up(4,2)","up(4,4)",6,3,0
414,7,0,"ne(2,3)","ne(2,5)","ne(2,1)","up(2,5)","up(2,1)","up(2,3)","ne(0,4)","ne(0,0)","ne(0,2)",3,6,0
415,7,0,"ne(2,3)","ne(1,0)","nw(3,2)","nw(1,4)","ne(3,4)","nw(5,0)","ne(4,1)","ne(5,2)","ne(0,5)",0,6,3
416,7,0,"ne(2,3)","ne(1,0)","nw(4,1)","nw(2,3)","ne(3,4)","nw(0,5)","ne(4,1)","ne(5,2)","ne(0,5)",0,6,3
417,7,0,"ne(2,3)","nw(3,0)","nw(1,2)","ne(1,2)","ne(3,0)","nw(5,4)","ne(4,1)","ne(5,4)","ne(0,5)",0,6,3
418,7,0,"ne(2,3)","nw(3,0)","nw(1,2)","nw(4,1)","nw(2,3)","nw(5,4)","nw(0,5)","ne(4,1)","ne(0,5)",0,3,6
419,7,0,"ne(2,3)","nw(4,5)","nw(2,1)","ne(1,2)","ne(3,0)","ne(4,1)","nw(0,3)","ne(5,4)","ne(0,5)",0,6,3
420,7,0,"ne(2,3)","nw(4,5)","nw(2,1)","nw(3,2)","nw(1,4)","nw(5,0)","ne(4,1)","nw(0,3)","ne(0,5)",0,3,6
421,7,0,"ne(1,4)","ne(2,5)","nw(3,2)","nw(1,4)","nw(5,0)","ne(3,2)","ne(4,3)","ne(5,0)","ne(0,1)",0,6,3
422,7,0,"ne(1,4)","ne(2,5)","nw(4,1)","nw(2,3)","ne(3,2)","ne(4,3)","nw(0,5)","ne(5,0)","ne(0,1)",0,6,3
423,7,0,"ne(1,4)","ne(1,0)","ne(1,2)","up(1,0)","up(1,2)","up(1,4)","up(3,5)","up(3,1)","up(3,3)",6,3,0
424,7,0,"ne(1,4)","ne(1,0)","ne(1,2)","up(1,0)","up(1,2)","up(1,4)","ne(5,3)","ne(5,5)","ne(5,1)",3,6,0
425,7,0,"ne(1,4)","ne(1,0)","ne(1,2)","up(1,5)","up(1,1)","up(1,3)","up(3,0)","up(3,2)","up(3,4)",6,3,0
426,7,0,"ne(1,4)","ne(1,0)","ne(1,2)","up(1,5)","up(1,1)","up(1,3)","ne(5,3)","ne(5,5)","ne(5,1)",3,6,0
427,7,0,"ne(1,4)","ne(1,0)","ne(1,2)","ne(3,3)","ne(3,5)","ne(3,1)","up(3,0)","up(3,2)","up(3,4)",3,6,0
428,7,0,"ne(1,4)","ne(1,0)","ne(1,2)","ne(3,3)","ne(3,5)","ne(3,1)","up(3,5)","up(3,1)","up(3,3)",3,6,0
429,7,0,"ne(1,4)","nw(3,0)","nw(1,2)","ne(2,1)","ne(3,2)","nw(5,4)","ne(4,5)","ne(5,0)","ne(0,3)",0,6,3
430,7,0,"ne(1,4)","nw(3,0)","nw(1,2)","nw(4,1)","nw(2,3)","ne(3,2)","nw(5,4)","nw(0,5)","ne(5,0)",0,3,6
431,7,0,"ne(1,4)","nw(4,5)","nw(2,1)","ne(2,1)","ne(3,2)","ne(4,5)","nw(0,3)","ne(5,0)","ne(0,3)",0,6,3
432,7,0,"ne(1,4)","nw(4,5)","nw(2,1)","nw(3,2)","nw(1,4)","nw(5,0)","ne(3,2)","nw(0,3)","ne(5,0)",0,3,6
433,7,0,"nw(2,5)","ne(2,5)","ne(1,2)","nw(4,3)","ne(3,0)","ne(4,3)","nw(0,1)","ne(5,4)","ne(0,1)",0,6,3
434,7,0,"nw(2,5)","ne(2,5)","nw(3,2)","nw(1,4)","nw(4,3)","nw(5,0)","ne(4,3)","nw(0,1)","ne(0,1)",0,3,6
435,7,0,"nw(2,5)","ne(1,0)","ne(2,1)","nw(4,3)","ne(3,4)","ne(4,5)","nw(0,1)","ne(5,2)","ne(0,3)",0,6,3
436,7,0,"nw(2,5)","ne(1,0)","nw(3,2)","nw(1,4)","nw(4,3)","ne(3,4)","nw(5,0)","nw(0,1)","ne(5,2)",0,3,6
437,7,0,"nw(2,5)","nw(3,0)","nw(1,2)","ne(2,1)","nw(4,3)","nw(5,4)","ne(4,5)","nw(0,1)","ne(0,3)",0,3,6
438,7,0,"nw(2,5)","nw(3,0)","nw(1,2)","ne(1,2)","nw(4,3)","ne(3,0)","nw(5,4)","nw(0,1)","ne(5,4)",0,3,6
439,7,0,"nw(2,5)","nw(4,5)","up(0,1)","up(5,3)","up(1,3)","nw(0,5)","up(2,1)","up(3,3)","up(4,1)",6,0,3
440,7,0,"nw(2,5)","nw(4,5)","up(0,1)","nw(1,3)","nw(3,3)","nw(5,3)","nw(0,5)","up(2,1)","up(4,1)",3,0,6
441,7,0,"nw(2,5)","nw(4,5)","up(5,1)","up(0,3)","up(1,1)","nw(0,5)","up(2,3)","up(3,1)","up(4,3)",6,0,3
442,7,0,"nw(2,5)","nw(4,5)","up(5,1)","nw(1,3)","nw(3,3)","up(1,1)","nw(5,3)","nw(0,5)","up(3,1)",3,0,6
443,7,0,"nw(2,5)","nw(4,5)","nw(1,1)","nw(3,1)","up(0,3)","nw(5,1)","nw(0,5)","up(2,3)","up(4,3)",3,0,6
444,7,0,"nw(2,5)","nw(4,5)","nw(1,1)","nw(3,1)","up(5,3)","nw(5,1)","up(1,3)","nw(0,5)","up(3,3)",3,0,6
445,7,0,"nw(1,0)","ne(2,5)","ne(1,2)","nw(3,4)","ne(3,0)","nw(5,2)","ne(4,3)","ne(5,4)","ne(0,1)",0,6,3
446,7,0,"nw(1,0)","ne(2,5)","nw(4,1)","nw(2,3)","nw(3,4)","nw(5,2)","ne(4,3)","nw(0,5)","ne(0,1)",0,3,6
447,7,0,"nw(1,0)","ne(1,0)","ne(2,1)","nw(3,4)","ne(3,4)","nw(5,2)","ne(4,5)","ne(5,2)","ne(0,3)",0,6,3
448,7,0,"nw(1,0)","ne(1,0)","nw(4,1)","nw(2,3)","nw(3,4)","ne(3,4)","nw(5,2)","nw(0,5)","ne(5,2)",0,3,6
449,7,1,"nw(1,0)","nw(3,0)","up(0,2)","up(5,4)","nw(5,0)","up(1,4)","up(2,2)","up(3,4)","up(4,2)",6,0,3
450,7,0,"nw(1,0)","nw(3,0)","up(0,2)","nw(2,4)","nw(4,4)","nw(5,0)","up(2,2)","nw(0,4)","up(4,2)",3,0,6
451,7,0,"nw(1,0)","nw(3,0)","up(5,2)","up(0,4)","nw(5,0)","up(1,2)","up(2,4)","up(3,2)","up(4,4)",6,0,3
452,7,0,"nw(1,0)","nw(3,0)","up(5,2)","nw(2,4)","nw(4,4)","nw(5,0)","up(1,2)","nw(0,4)","up(3,2)",3,0,6
453,7,0,"nw(1,0)","nw(3,0)","nw(2,2)","nw(4,2)","up(0,4)","nw(5,0)","nw(0,2)","up(2,4)","up(4,4)",3,0,6
454,7,0,"nw(1,0)","nw(3,0)","nw(2,2)","nw(4,2)","up(5,4)","nw(5,0)","up(1,4)","nw(0,2)","up(3,4)",3,0,6
455,7,0,"nw(1,0)","nw(4,5)","nw(2,1)","ne(2,1)","nw(3,4)","nw(5,2)","ne(4,5)","nw(0,3)","ne(0,3)",0,3,6
456,7,0,"nw(1,0)","nw(4,5)","nw(2,1)","ne(1,2)","nw(3,4)","ne(3,0)","nw(5,2)","nw(0,3)","ne(5,4)",0,3,6
